{
    "frames": [
        {
            "filename": "tinyfarm_characters_0",
            "frame": {
                "w": 8,
                "h": 8,
                "x": 0,
                "y": 0
            },
            "anchor": {
                "x": 0.5,
                "y": 0.5
            }
        },
        {
            "filename": "tinyfarm_characters_3",
            "frame": {
                "w": 8,
                "h": 8,
                "x": 8,
                "y": 0
            },
            "anchor": {
                "x": 0.5,
                "y": 0.5
            }
        },
        {
            "filename": "tinyfarm_characters_6",
            "frame": {
                "w": 8,
                "h": 8,
                "x": 16,
                "y": 0
            },
            "anchor": {
                "x": 0.5,
                "y": 0.5
            }
        },
        {
            "filename": "tinyfarm_characters_9",
            "frame": {
                "w": 8,
                "h": 8,
                "x": 24,
                "y": 0
            },
            "anchor": {
                "x": 0.5,
                "y": 0.5
            }
        }
    ],
    "meta": {
        "description": "Atlas generado con Atlas Packer Gamma V2",
        "web": "https://gammafp.github.io/atlas-packer-phaser/"
    }
}